rank,PC4,municipality,demand_dso_kwh,connections,demand_dso_gwh,li_feedin_kwh,li_feedin_gwh,st_feedin_kwh,st_feedin_gwh,solar_park_gwh,wind_gwh,biz_kwh,biz_gwh,total_feedin_gwh,total_supply_gwh,demand_total_gwh,net_balance_gwh,supply_ratio_pct,business_park,balance_class,slope_kwh_yr,growth_rate_pct_yr,significant,deficit_abs,demand_per_conn,has_biz_park,industrial_proxy_gwh,demand_synthetic_gwh,congestion_status,congestion_score,net_balance_p3_gwh,composite_siting,composite_siting_v1_proxy_excl
1,3771,Barneveld,34139427.0,5833.0,34.139427,7499997.0,7.499997,0.0,0.0,8.455,0.18,5345080.0,5.34508,7.499997,16.134997,39.484507,-23.34951,40.86412171741184,Harselaar Barneveld,high_deficit,-2666249.0,-7.81,False,23.34951,0.0067691594376821,1.0,233.16,267.299427,AMBER,0.5,-251.16443,0.75,0.6417
2,3901,Veenendaal,27537376.7,6974.0,27.5373767,0.0,0.0,2319830.25,2.31983025,0.0,0.0,2275260.0,2.27526,2.31983025,2.31983025,29.8126367,-27.49280645,7.781365577771925,Nijverkamp Veenendaal,severe_deficit,13919.0,0.05,False,27.49280645,0.0042748260252365,1.0,84.096,111.6333767,RED,1.0,-109.31354645,0.7176,0.9613
3,3903,Veenendaal,18739007.68,3924.0,18.73900768,0.0,0.0,3939378.6,3.9393786,0.0,0.0,2694990.0,2.69499,3.9393786,3.9393786,21.43399768,-17.49461908,18.37911274794913,De Compagnie Veenendaal,severe_deficit,22065.1,0.12,False,17.49461908,0.0054622827930682,1.0,46.03199999999999,64.77100768,RED,1.0,-60.83162908,0.621,0.7934
4,6718,Ede,23000647.0,4253.0,23.000647,6337845.0,6.337845,0.0,0.0,0.0,0.0,3096960.0,3.09696,6.337845,6.337845,26.097607,-19.759762,24.28515763916592,BT A12/Schampsteeg Ede,severe_deficit,-1676977.6,-7.29,False,19.759762,0.0061362819186456,1.0,27.66,50.660647,RED,1.0,-44.322802,0.5882,0.8314
5,6711,Ede,28723478.0,7312.0,28.723478,4187534.0,4.187534,0.0,0.0,0.0,0.0,1080610.0,1.08061,4.187534,4.187534,29.804088,-25.616554,14.050200093356322,,severe_deficit,-1534813.0,-5.34,False,25.616554,0.0040760514223194,0.0,0.0,29.804088,RED,1.0,-25.616554,0.5509,0.9298
6,6717,Ede,25954843.0,8763.0,25.954843,5981935.0,5.981935,0.0,0.0,0.0,0.0,1708360.0,1.70836,5.981935,5.981935,27.663203,-21.681268,21.624158995615947,,severe_deficit,-1870110.5,-7.21,False,21.681268,0.0031568187835216,0.0,0.0,27.663203,RED,1.0,-21.681268,0.5431,0.8637
7,3881,Ede,23583244.0,5115.0,23.583244,5035894.0,5.035894,0.0,0.0,0.0,0.0,2743230.0,2.74323,5.035894,5.035894,26.326474,-21.29058,19.1286307463734,,severe_deficit,-1020477.6,-4.33,False,21.29058,0.0051469157380254,0.0,0.0,26.326474,RED,1.0,-21.29058,0.5423,0.8571
8,6721,Veenendaal,26945228.0,6867.0,26.945228,7246713.0,7.246713,0.0,0.0,0.1335,0.0,808260.0,0.80826,7.246713,7.380212999999999,27.753488,-20.373275,26.592019712981656,,high_deficit,-1598679.3,-5.93,False,20.373275,0.0040415739041794,0.0,0.0,27.753488,RED,1.0,-20.373275000000003,0.5405,0.8417
9,6716,Ede,17528488.0,3804.0,17.528488,3751917.0,3.751917,0.0,0.0,0.0,0.0,2305550.0,2.30555,3.751917,3.751917,19.834038,-16.082121,18.91655647730432,,severe_deficit,-897508.3,-5.12,False,16.082121,0.0052139952681388,0.0,0.0,19.834038,RED,1.0,-16.082121,0.532,0.7696
10,3904,Veenendaal,21537502.88,6142.0,21.53750288,0.0,0.0,6260939.06,6.260939059999999,0.0,0.0,121510.0,0.12151,6.260939059999999,6.260939059999999,21.65901288,-15.39807382,28.906853210200406,,high_deficit,-87566.0,-0.41,False,15.39807382,0.0035263778704005,0.0,0.0,21.65901288,RED,1.0,-15.398073820000004,0.5306,0.7581
11,3841,Ede,15291968.0,3669.0,15.291968,1892378.0,1.892378,0.0,0.0,0.0,0.0,935410.0,0.93541,1.892378,1.892378,16.227378,-14.335,11.66163751161771,Harselaar (Ede side),severe_deficit,-757801.7,-4.96,False,14.335,0.0044228340147179,1.0,0.0,16.227378,RED,1.0,-14.335,0.5285,0.7403
12,6713,Ede,16003214.0,5203.0,16.003214,2879328.0,2.879328,0.0,0.0,0.0,0.0,207920.0,0.20792,2.879328,2.879328,16.211134,-13.331806,17.761422489012798,,severe_deficit,-765157.1,-4.78,False,13.331806,0.0031157282337113,0.0,0.0,16.211134,RED,1.0,-13.331806,0.5265,0.7234
13,3902,Veenendaal,16327768.57,4441.0,16.32776857,0.0,0.0,4003412.76,4.00341276,0.0,0.0,383960.0,0.38396,4.00341276,4.00341276,16.71172857,-12.708315809999998,23.955707174341693,,severe_deficit,-171942.8,-1.05,False,12.708315809999998,0.0037630552961044,0.0,0.0,16.71172857,RED,1.0,-12.708315809999998,0.5252,0.7129
14,3846,Ede,11458927.0,1674.0,11.458927,1634129.0,1.634129,0.0,0.0,0.0,0.0,2338450.0,2.33845,1.634129,1.634129,13.797377,-12.163248,11.843765666474145,,severe_deficit,-703977.2,-6.14,False,12.163248,0.008242160692951,0.0,0.0,13.797377,RED,1.0,-12.163248,0.5242,0.7038
15,6708,Ede,13645522.0,4975.0,13.645522,3987479.0,3.987479,0.0,0.0,0.0,0.0,625390.0,0.62539,3.987479,3.987479,14.270912,-10.283433,27.941304662238824,,high_deficit,-972714.8,-7.13,True,10.283433,0.0028685250251256,0.0,0.0,14.270912,RED,1.0,-10.283433,0.5204,0.6722
16,3844,Ede,12298294.0,4179.0,12.298294,2921243.0,2.921243,0.0,0.0,0.0,0.0,387310.0,0.38731,2.921243,2.921243,12.685604,-9.764361,23.028016639964484,,severe_deficit,-364560.2,-2.96,True,9.764361,0.0030355597032782,0.0,0.0,12.685604,RED,1.0,-9.764361,0.5194,0.6635
17,6701,Ede,9059874.0,1849.0,9.059874,626352.0,0.626352,0.0,0.0,0.0,0.0,649770.0,0.64977,0.626352,0.626352,9.709644,-9.083292,6.450823531738135,,severe_deficit,-325016.0,-3.59,False,9.083292,0.005251294753921,0.0,0.0,9.709644,RED,1.0,-9.083292,0.518,0.652
18,3891,Ede,10682766.0,2762.0,10.682766,2607235.0,2.607235,0.0,0.0,0.0,0.0,766640.0,0.76664,2.607235,2.607235,11.449406000000002,-8.842171,22.771792702608327,De Vallei Ede,severe_deficit,-498641.6,-4.67,True,8.842171,0.0041453316437364,1.0,0.0,11.449406000000002,RED,1.0,-8.842171,0.5175,0.648
19,6714,Ede,10080054.0,3638.0,10.080054,1610238.0,1.610238,0.0,0.0,0.0,0.0,45850.0,0.04585,1.610238,1.610238,10.125904,-8.515666,15.902165377036953,,severe_deficit,-545204.9,-5.41,False,8.515666,0.0027833710830126,0.0,0.0,10.125904,RED,1.0,-8.515666,0.5169,0.6425
20,3842,Ede,10167906.0,3339.0,10.167906,2041097.0,2.041097,0.0,0.0,0.0,0.0,290380.0,0.29038,2.041097,2.041097,10.458286,-8.417189,19.516553668545686,,severe_deficit,-793587.7,-7.8,False,8.417189,0.0031321611260856,0.0,0.0,10.458286,RED,1.0,-8.417189,0.5167,0.6409
21,6732,Veenendaal,9209961.0,1308.0,9.209961,2377043.0,2.377043,0.0,0.0,0.0,0.0,1289500.0,1.2895,2.377043,2.377043,10.499461,-8.122418,22.63966693147391,,severe_deficit,-558943.1,-6.07,False,8.122418,0.0080271108562691,0.0,0.0,10.499461,RED,1.0,-8.122418,0.5161,0.6359
22,3843,Ede,9248097.0,2913.0,9.248097,2021402.0,2.021402,0.0,0.0,0.0,0.0,333240.0,0.33324,2.021402,2.021402,9.581337,-7.559934999999999,21.09728527448727,,severe_deficit,-374033.0,-4.04,False,7.559934999999999,0.0032891647785787,0.0,0.0,9.581337,RED,1.0,-7.559934999999999,0.515,0.6265
23,6715,Ede,9641543.0,3113.0,9.641543,2308698.0,2.308698,0.0,0.0,0.0,0.0,95900.0,0.0959,2.308698,2.308698,9.737443,-7.428745000000001,23.70948923654804,,severe_deficit,-339028.3,-3.52,True,7.428745000000001,0.0031279932540957,0.0,0.0,9.737443,RED,1.0,-7.428745000000001,0.5147,0.6242
24,3907,Veenendaal,10014118.0,2737.0,10.014118,3758172.0,3.758172,0.0,0.0,0.0,0.0,63760.0,0.06376,3.758172,3.758172,10.077878,-6.319706,37.29130279211556,,high_deficit,1318460.0,13.17,False,6.319706,0.0036820891487029,0.0,0.0,10.077878,RED,1.0,-6.319706,0.5125,0.6056
25,3893,Ede,9451715.0,2489.0,9.451715,3394506.0,3.394506,0.0,0.0,0.0,0.0,111550.0,0.11155,3.394506,3.394506,9.563265,-6.168759,35.49526233979713,,high_deficit,-281869.4,-2.98,False,6.168759,0.0038422117316191,0.0,0.0,9.563265,RED,1.0,-6.168759,0.5122,0.6031
26,3849,Ede,7845750.0,1479.0,7.84575,2042675.0,2.042675,0.0,0.0,0.0,0.0,138210.0,0.13821,2.042675,2.042675,7.98396,-5.941285,25.58473489346139,,high_deficit,-165653.7,-2.11,False,5.941285,0.0053982150101419,0.0,0.0,7.98396,RED,1.0,-5.941285,0.5118,0.5993
27,6731,Veenendaal,7098205.0,1014.0,7.098205,1677460.0,1.67746,0.0,0.0,0.0,0.0,428500.0,0.4285,1.67746,1.67746,7.526705,-5.849245,22.286777547412846,,severe_deficit,-335408.4,-4.73,False,5.849245,0.0074227859960552,0.0,0.0,7.526705,RED,1.0,-5.849245,0.5116,0.5977
28,6707,Ede,6721811.0,2685.0,6.721811,1201233.0,1.201233,0.0,0.0,0.0,0.0,143270.0,0.14327,1.201233,1.201233,6.865081,-5.663848,17.497725081466626,,severe_deficit,-288810.8,-4.3,True,5.663848,0.0025568271880819,0.0,0.0,6.865081,RED,1.0,-5.663848,0.5112,0.5946
29,6712,Ede,7214165.0,2168.0,7.214165,1835003.0,1.835003,0.0,0.0,0.0,0.0,113570.0,0.11357,1.835003,1.835003,7.327735,-5.492732,25.04188538477442,,high_deficit,-404454.0,-5.61,False,5.492732,0.0033799515682656,0.0,0.0,7.327735,RED,1.0,-5.492732,0.5109,0.5917
30,3894,Ede,8955886.0,2525.0,8.955886,3502518.0,3.502518,0.0,0.0,0.0,0.0,2120.0,0.00212,3.502518,3.502518,8.958006,-5.455487999999999,39.09930401922035,,high_deficit,-816017.4,-9.11,False,5.455487999999999,0.0035477251485148,0.0,0.0,8.958006,RED,1.0,-5.455487999999999,0.5108,0.5911
31,6702,Ede,6028157.0,1645.0,6.028157,1112256.0,1.112256,0.0,0.0,0.0,0.0,438270.0,0.43827,1.112256,1.112256,6.466427,-5.354171000000001,17.200472532976864,,severe_deficit,-241827.7,-4.01,False,5.354171000000001,0.0039309586626139,0.0,0.0,6.466427,RED,1.0,-5.354171000000001,0.5106,0.5894
32,3906,Veenendaal,9065194.25,2920.0,9.06519425,0.0,0.0,3785808.7,3.7858087,0.0,0.0,6300.0,0.0063,3.7858087,3.7858087,9.07149425,-5.285685549999999,41.73302209831638,,high_deficit,-132639.7,-1.46,True,5.285685549999999,0.0031066761130136,0.0,0.0,9.07149425,RED,1.0,-5.285685549999998,0.5105,0.5882
33,6733,Veenendaal,6861250.0,1074.0,6.86125,1851612.0,1.851612,0.0,0.0,0.0,0.0,306330.0,0.30633,1.851612,1.851612,7.16758,-5.315968,25.83315428638397,,high_deficit,-439612.8,-6.41,False,5.315968,0.0066737243947858,0.0,0.0,7.16758,RED,1.0,-5.315968,0.5105,0.5888
34,3892,Ede,8002870.0,2252.0,8.00287,2788084.0,2.788084,0.0,0.0,0.0,0.0,72980.0,0.07298,2.788084,2.788084,8.075849999999999,-5.287766,34.52372196115579,,high_deficit,-68993.0,-0.86,False,5.287766,0.0035860790408525,0.0,0.0,8.075849999999999,RED,1.0,-5.287766,0.5105,0.5883
35,3899,Ede,2004615.0,140.0,2.004615,358915.0,0.358915,0.0,0.0,0.0,0.0,3068960.0,3.06896,0.358915,0.358915,5.073575,-4.71466,7.0742031013634366,,severe_deficit,-178406.9,-8.9,False,4.71466,0.0362398214285714,0.0,0.0,5.073575,RED,1.0,-4.71466,0.5093,0.5787
36,6706,Ede,5675617.0,2347.0,5.675617,1450711.0,1.450711,0.0,0.0,0.0,0.0,38120.0,0.03812,1.450711,1.450711,5.713737,-4.263026,25.389880563281093,,high_deficit,-704689.3,-12.42,False,4.263026,0.0024344853003834,0.0,0.0,5.713737,RED,1.0,-4.263026,0.5084,0.5711
37,3848,Ede,5587662.0,1698.0,5.587662,1649794.0,1.649794,0.0,0.0,0.0,0.0,60930.0,0.06093,1.649794,1.649794,5.648592,-3.998798,29.207172336044096,,high_deficit,-358484.1,-6.42,True,3.998798,0.0033266148409893,0.0,0.0,5.648592,RED,1.0,-3.998798,0.5079,0.5666
38,6709,Ede,5577360.0,1196.0,5.57736,2346892.0,2.346892,0.0,0.0,0.0,0.0,353580.0,0.35358,2.346892,2.346892,5.93094,-3.584048,39.57032106209134,,high_deficit,-54383.8,-0.98,False,3.584048,0.0049589799331103,0.0,0.0,5.93094,RED,1.0,-3.584048,0.5071,0.5597
39,6703,Ede,4256002.0,1230.0,4.256002,1158064.0,1.158064,0.0,0.0,0.0,0.0,15410.0,0.01541,1.158064,1.158064,4.271412,-3.113348,27.111971404303777,,high_deficit,-250628.5,-5.89,False,3.113348,0.0034726926829268,0.0,0.0,4.271412,RED,1.0,-3.113348,0.5061,0.5517
40,3821,Ede,671756.0,105.0,0.671756,56124.0,0.056124,0.0,0.0,0.0,0.0,2186170.0,2.18617,0.056124,0.056124,2.857926,-2.801802,1.963801721948014,,severe_deficit,-261934.8,-38.99,True,2.801802,0.0272183428571428,0.0,0.0,2.857926,RED,1.0,-2.801802,0.5055,0.5465
41,3896,Ede,3110215.0,118.0,3.110215,1613499.0,1.613499,0.0,0.0,0.0,0.0,1112750.0,1.11275,1.613499,1.613499,4.222965,-2.6094660000000003,38.207728456191326,,high_deficit,-260735.5,-8.38,False,2.6094660000000003,0.0357878389830508,0.0,0.0,4.222965,RED,1.0,-2.6094660000000003,0.5051,0.5433
42,6705,Ede,3115654.0,553.0,3.115654,709072.0,0.709072,0.0,0.0,0.0,0.0,74490.0,0.07449,0.709072,0.709072,3.190144,-2.481072,22.22695903382418,,severe_deficit,-92993.8,-2.98,False,2.481072,0.0057687956600361,0.0,0.0,3.190144,RED,1.0,-2.481072,0.5049,0.5411
43,3898,Ede,2936564.0,324.0,2.936564,1049564.0,1.049564,0.0,0.0,0.0,0.0,222080.0,0.22208,1.049564,1.049564,3.158644,-2.1090800000000005,33.22830936313177,Industriegebied Nijkerk,high_deficit,-448450.1,-15.27,False,2.1090800000000005,0.0097489012345679,1.0,0.0,3.158644,RED,1.0,-2.1090800000000005,0.5041,0.5349
44,3847,Ede,1795344.0,415.0,1.795344,189786.0,0.189786,0.0,0.0,0.0,0.0,126710.0,0.12671,0.189786,0.189786,1.922054,-1.732268,9.874124244167955,,severe_deficit,-82840.6,-4.61,False,1.732268,0.0046314554216867,0.0,0.0,1.922054,RED,1.0,-1.732268,0.5034,0.5285
45,6704,Ede,1317608.0,269.0,1.317608,347757.0,0.347757,0.0,0.0,0.0,0.0,34350.0,0.03435,0.347757,0.347757,1.351958,-1.004201,25.722470668467512,,high_deficit,-104313.5,-7.92,False,1.004201,0.0050258661710037,0.0,0.0,1.351958,RED,1.0,-1.004201,0.5019,0.5163
46,3815,Ede,70760.0,12.0,0.07076,0.0,0.0,0.0,0.0,0.0,0.0,806710.0,0.80671,0.0,0.0,0.8774700000000001,-0.8774700000000001,0.0,,severe_deficit,0.0,0.0,,0.8774700000000001,0.0731225,0.0,0.0,0.8774700000000001,RED,1.0,-0.8774700000000001,0.5017,0.5142
47,3895,Ede,402277.0,19.0,0.402277,28486.0,0.028486,0.0,0.0,0.0,0.0,46200.0,0.0462,0.028486,0.028486,0.448477,-0.419991,6.351719263195214,,severe_deficit,-205503.8,-51.09,False,0.419991,0.0236040526315789,0.0,0.0,0.448477,RED,1.0,-0.419991,0.5008,0.5065
48,3829,Ede,196391.0,23.0,0.196391,24466.0,0.024466,0.0,0.0,0.0,0.0,128960.0,0.12896,0.024466,0.024466,0.325351,-0.300885,7.519878531186319,,severe_deficit,0.0,0.0,,0.300885,0.0141456956521739,0.0,0.0,0.325351,RED,1.0,-0.300885,0.5005,0.5045
49,3826,Ede,58045.0,10.0,0.058045,14370.0,0.01437,0.0,0.0,0.0,0.0,91490.0,0.09149,0.01437,0.01437,0.149535,-0.135165,9.609790350085264,,severe_deficit,0.0,0.0,,0.135165,0.0149535,0.0,0.0,0.149535,RED,1.0,-0.135165,0.5002,0.5017
50,3772,Barneveld,30572945.0,8364.0,30.572945,9472132.0,9.472132,0.0,0.0,0.0,0.0,896190.0,0.89619,9.472132,9.472132,31.469135,-21.997003,30.09975329795369,,high_deficit,-2348051.9,-7.68,False,21.997003,0.003762450382592,0.0,0.0,31.469135,AMBER,0.5,-21.997003,0.2937,0.619
51,3781,Barneveld,24532811.0,5500.0,24.532811,7376552.0,7.376552,0.0,0.0,0.0,0.0,1244700.0,1.2447,7.376552,7.376552,25.777511,-18.400959,28.616230636076544,,high_deficit,-1495159.5,-6.09,False,18.400959,0.0046868201818181,0.0,0.0,25.777511,AMBER,0.5,-18.400959,0.2866,0.5586
52,3776,Barneveld,5125461.0,782.0,5.125461,1498074.0,1.498074,0.0,0.0,0.0,0.0,474570.0,0.47457,1.498074,1.498074,5.600031,-4.101957,26.751173341719003,,high_deficit,-169433.1,-3.31,False,4.101957,0.0071611649616368,0.0,0.0,5.600031,AMBER,0.5,-4.101957,0.2581,0.3184
53,3784,Barneveld,4305706.0,619.0,4.305706,1386471.0,1.386471,24374.0,0.024374,0.0,0.0,225630.0,0.22563,1.410845,1.410845,4.531336,-3.1204909999999995,31.135298728675163,,high_deficit,0.0,0.0,,3.1204909999999995,0.0073204135702746,0.0,0.0,4.531336,AMBER,0.5,-3.1204909999999995,0.2561,0.3019
54,3785,Barneveld,3535210.0,645.0,3.53521,1260787.0,1.260787,0.0,0.0,0.0,0.0,65140.0,0.06514,1.260787,1.260787,3.60035,-2.339563,35.0184565389476,,high_deficit,-320425.9,-9.06,False,2.339563,0.0055819379844961,0.0,0.0,3.60035,AMBER,0.5,-2.339563,0.2546,0.2887
55,3794,Barneveld,1723026.0,224.0,1.723026,553354.0,0.553354,0.0,0.0,0.0,0.0,79540.0,0.07954,0.553354,0.553354,1.802566,-1.249212,30.698127003394056,,high_deficit,-140076.6,-8.13,False,1.249212,0.0080471696428571,0.0,0.0,1.802566,AMBER,0.5,-1.249212,0.2524,0.2704
56,3775,Barneveld,1111869.0,156.0,1.111869,390609.0,0.390609,0.0,0.0,0.0,0.0,33700.0,0.0337,0.390609,0.390609,1.145569,-0.7549600000000001,34.09737868255862,,high_deficit,-100997.9,-9.08,False,0.7549600000000001,0.007343391025641,0.0,0.0,1.145569,AMBER,0.5,-0.7549600000000001,0.2514,0.2621
57,3792,Barneveld,530205.0,90.0,0.530205,219406.0,0.219406,0.0,0.0,0.0,0.0,4480.0,0.00448,0.219406,0.219406,0.5346850000000001,-0.3152790000000001,41.034627865004616,,high_deficit,-36388.7,-6.86,False,0.3152790000000001,0.0059409444444444,0.0,0.0,0.5346850000000001,AMBER,0.5,-0.3152790000000001,0.2506,0.2547
58,3861,Nijkerk,25861847.0,5064.0,25.861847,6223054.0,6.223054,0.0,0.0,0.6853,0.0,4445870.0,4.44587,6.223054,6.908354,30.307717,-23.399363,22.79404285053869,A12 Business Zone Ede,severe_deficit,-1805526.9,-6.98,False,23.399363,0.0059849362164297,1.0,36.15,62.011847,GREEN,0.2,-55.103493,0.2096,0.4926
59,3882,Rhenen,27917583.0,5859.0,27.917583,9285916.0,9.285916,0.0,0.0,0.0,0.0,1719230.0,1.71923,9.285916,9.285916,29.636813,-20.350897,31.33237031930525,Remmerden Rhenen,high_deficit,-2025938.0,-7.26,True,20.350897,0.0050583398190817,1.0,23.015999999999995,50.933583,GREEN,0.2,-41.647667,0.1829,0.4413
60,3851,Wageningen,24394400.0,5898.0,24.3944,5217444.0,5.217444,0.0,0.0,0.0,0.0,2574720.0,2.57472,5.217444,5.217444,26.96912,-21.751676,19.34599275022693,Nudepark Wageningen,severe_deficit,-1646185.9,-6.75,False,21.751676,0.0045725873177348,1.0,14.715,39.1094,GREEN,0.2,-33.891956,0.1674,0.4649
61,3911,Rhenen,36751916.6,7792.0,36.7519166,0.0,0.0,8489856.97,8.48985697,0.0,0.0,1532850.0,1.53285,8.48985697,8.48985697,38.284766600000005,-29.794909630000006,22.1755484595275,,severe_deficit,36054.9,0.1,False,29.794909630000006,0.0049133427361396,0.0,0.0,38.284766600000005,GREEN,0.2,-29.794909630000006,0.1593,0.6
62,6741,Wageningen,34567034.0,5788.0,34.567034,9924183.0,9.924183,0.0,0.0,0.0,0.0675,1941290.0,1.94129,9.924183,9.991683,36.508324,-26.516641,27.368232515959924,,high_deficit,-2972537.7,-8.6,True,26.516641,0.0063075888044229,0.0,0.0,36.508324,GREEN,0.2,-26.516641,0.1527,0.5449
63,3871,Nijkerk,19052982.0,4505.0,19.052982,5244063.0,5.244063,0.0,0.0,0.0,0.0,791750.0,0.79175,5.244063,5.244063,19.844732,-14.600669,26.425466466364977,,high_deficit,-949819.1,-4.99,False,14.600669,0.0044050459489456,0.0,0.0,19.844732,GREEN,0.2,-14.600669,0.129,0.3447
64,3853,Wageningen,16873291.0,4335.0,16.873291,4811054.0,4.811054,0.0,0.0,0.0,0.0,402450.0,0.40245,4.811054,4.811054,17.275740999999996,-12.464686999999996,27.848611529890388,,high_deficit,-694901.3,-4.12,False,12.464686999999996,0.0039851767012687,0.0,0.0,17.275740999999996,GREEN,0.2,-12.464686999999996,0.1248,0.3089
65,3852,Wageningen,12575886.0,2737.0,12.575886,3136357.0,3.136357,0.0,0.0,0.0,0.0,949960.0,0.94996,3.136357,3.136357,13.525846,-10.389489,23.18788044755204,,severe_deficit,-514757.0,-4.09,False,10.389489,0.004941850931677,0.0,0.0,13.525846,GREEN,0.2,-10.389489,0.1206,0.274
66,3863,Nijkerk,10682670.0,3131.0,10.68267,3073542.0,3.073542,0.0,0.0,0.0,0.0,218010.0,0.21801,3.073542,3.073542,10.90068,-7.827138,28.19587401886855,,high_deficit,-802627.9,-7.51,True,7.827138,0.0034815330565314,0.0,0.0,10.90068,GREEN,0.2,-7.827138,0.1155,0.2309
67,3864,Nijkerk,9550629.0,1836.0,9.550629,2738824.0,2.738824,0.0,0.0,0.0,0.0,207980.0,0.20798,2.738824,2.738824,9.758609,-7.019785,28.06572125187104,,high_deficit,-731226.6,-7.66,True,7.019785,0.0053151465141612,0.0,0.0,9.758609,GREEN,0.2,-7.019785,0.1139,0.2174
68,6744,Rhenen,7910705.0,1310.0,7.910705,2504682.0,2.504682,0.0,0.0,0.0,0.0,907660.0,0.90766,2.504682,2.504682,8.818365,-6.313683,28.40302028777443,,high_deficit,-440442.4,-5.57,False,6.313683,0.0067315763358778,0.0,0.0,8.818365,GREEN,0.2,-6.313683,0.1125,0.2055
69,3886,Rhenen,6419294.0,1104.0,6.419294,1344738.0,1.344738,0.0,0.0,0.0,0.0,308180.0,0.30818,1.344738,1.344738,6.727474,-5.382736,19.98875060683996,,severe_deficit,-366901.8,-5.72,False,5.382736,0.0060937264492753,0.0,0.0,6.727474,GREEN,0.2,-5.382736,0.1107,0.1899
70,6745,Rhenen,1708528.0,218.0,1.708528,457166.0,0.457166,0.0,0.0,0.0,0.0,107940.0,0.10794,0.457166,0.457166,1.816468,-1.359302,25.16785321844371,,high_deficit,-161036.3,-9.43,False,1.359302,0.0083324220183486,0.0,0.0,1.816468,GREEN,0.2,-1.359302,0.1026,0.1223
71,3912,Rhenen,722492.78,250.0,0.7224927800000001,0.0,0.0,178044.72,0.17804472,0.0,0.0,0.0,0.0,0.17804472,0.17804472,0.7224927800000001,-0.5444480600000001,24.643114080669427,,severe_deficit,-29394.9,-4.07,True,0.5444480600000001,0.00288997112,0.0,0.0,0.7224927800000001,GREEN,0.2,-0.5444480600000001,0.101,0.1086
72,3937,Renswoude,130256.91,21.0,0.13025691,0.0,0.0,27023.01,0.02702301,0.0,0.0,0.0,0.0,0.02702301,0.02702301,0.13025691,-0.1032339,20.745932020036403,,severe_deficit,19662.8,15.1,True,0.1032339,0.00620271,0.0,0.0,0.13025691,GREEN,0.2,-0.1032339,0.1001,0.1012
73,3727,Renswoude,46119.97,13.0,0.04611997,0.0,0.0,12994.02,0.01299402,0.0,0.0,0.0,0.0,0.01299402,0.01299402,0.04611997,-0.03312595,28.17438953234358,,high_deficit,218.3,0.47,False,0.03312595,0.00354769,0.0,0.0,0.04611997,GREEN,0.2,-0.03312595,0.1,0.1
