PC4,municipality
3727,Renswoude
3771,Barneveld
3772,Barneveld
3775,Barneveld
3776,Barneveld
3781,Barneveld
3784,Barneveld
3785,Barneveld
3792,Barneveld
3794,Barneveld
3815,Ede
3821,Ede
3826,Ede
3829,Ede
3841,Ede
3842,Ede
3843,Ede
3844,Ede
3846,Ede
3847,Ede
3848,Ede
3849,Ede
3851,Wageningen
3852,Wageningen
3853,Wageningen
3861,Nijkerk
3863,Nijkerk
3864,Nijkerk
3871,Nijkerk
3881,Ede
3882,Rhenen
3886,Rhenen
3891,Ede
3892,Ede
3893,Ede
3894,Ede
3895,Ede
3896,Ede
3898,Ede
3899,Ede
3901,Veenendaal
3902,Veenendaal
3903,Veenendaal
3904,Veenendaal
3906,Veenendaal
3907,Veenendaal
3911,Rhenen
3912,Rhenen
3937,Renswoude
6701,Ede
6702,Ede
6703,Ede
6704,Ede
6705,Ede
6706,Ede
6707,Ede
6708,Ede
6709,Ede
6711,Ede
6712,Ede
6713,Ede
6714,Ede
6715,Ede
6716,Ede
6717,Ede
6718,Ede
6721,Veenendaal
6731,Veenendaal
6732,Veenendaal
6733,Veenendaal
6741,Wageningen
6744,Rhenen
6745,Rhenen
